{"cameraMode":{"drawMode":0,"name":"Shaded","section":"Shading Mode"},"sceneLighting":true,"audioPlay":false,"sceneViewState":{"showFog":true,"showMaterialUpdate":false,"showSkybox":true,"showFlares":true,"showImageEffects":true,"showParticleSystems":true},"in2DMode":false,"pivot":{"x":0.021222766488790513,"y":0.5919530391693115,"z":-2.1706981658935549},"rotation":{"x":0.3685131072998047,"y":0.6088346838951111,"z":-0.37950608134269717,"w":0.5911933183670044},"size":4.410247325897217,"orthographic":false}